{"cameraMode":{"drawMode":0,"name":"Shaded","section":"Shading Mode"},"sceneLighting":true,"audioPlay":false,"sceneViewState":{"showFog":true,"showMaterialUpdate":false,"showSkybox":true,"showFlares":true,"showImageEffects":true,"showParticleSystems":true},"in2DMode":false,"pivot":{"x":-1.1357026100158692,"y":-1.3873934745788575,"z":-7.9074225425720219},"rotation":{"x":-0.004347024951130152,"y":0.9897605776786804,"z":-0.13928711414337159,"w":-0.030890297144651414},"size":30.12251091003418,"orthographic":false}